ticker,setor,nome,preco_atual,p_l,p_vp,roe,dividend_yield,margem_liquida,divida_patrimonio,market_cap,p_l_vs_setor,roe_vs_setor,dividend_yield_vs_setor
ABCB4.SA,Financial Services,Banco ABC Brasil S.A.,25.18,4.553345,0.8939222,14.905,9.34,40.916002,,6493029376.0,-10.266804721052631,-5.36310003,3.8268421052631574
ABEV3.SA,Consumer Defensive,Ambev S.A.,15.27,14.825244,2.671916,18.4,4.81,18.406,3.317,235409768448.0,-1.6634513000000002,6.666333366666665,-2.2800000000000002
ALOS3.SA,Real Estate,Allos S.A.,28.77,15.222222,1.1194552,7.585999999999999,12.26,31.397000000000002,56.087,14389060608.0,-4.645701083333334,-16.88430773076923,-1.6900000000000013
ALPA4.SA,Consumer Cyclical,Alpargatas S.A.,14.01,14.151515,2.6290112,18.084998,4.55,14.524001,38.72,9517434880.0,1.0300937950000009,8.163171860869564,-8.416842105263157
ALUP11.SA,Utilities,Alupar Investimento S.A.,31.79,7.618021,1.0869491,15.841,2.66,27.677000000000003,111.329,15121104896.0,-14.364165288235295,1.979444522222222,-3.12875
AMER3.SA,Consumer Cyclical,Americanas S.A.,5.08,3.2987013,0.24481927,0.0,,-2.1930002,133.911,1017245760.0,-9.822719905,-9.921826139130435,
ANIM3.SA,Consumer Defensive,Ânima Holding S.A.,2.86,6.97561,0.4470147,9.607001,2.75,3.708,201.974,1080680064.0,-9.5130853,-2.1266656333333334,-4.34
ASAI3.SA,Consumer Defensive,Sendas Distribuidora S.A.,10.54,14.638888,2.2231596,16.157,1.17,1.244,425.355,14077930496.0,-1.8498073000000002,4.423333366666666,-5.92
AUAU3.SA,Consumer Cyclical,Uniao Pet Participacoes S.A.,4.19,,1.1278601,9.104,0.72,3.836,70.19,3606726144.0,,-0.8178261391304353,-12.246842105263157
AURA33.SA,Basic Materials,Aura Minerals Inc.,138.5,22.447325,14.716319,100.16400000000002,3.59,23.183,100.337,34869075968.0,-2.4202486615384657,87.70837499375001,-3.901538461538462
AURE3.SA,Utilities,Auren Energia S.A.,12.69,,1.1519607,-7.6799995999999995,0.41,-8.088,185.482,13256418304.0,,-21.541555077777776,-5.37875
AXIA3.SA,Utilities,AXIA Energia SA,54.8,10.478011,1.2853893,10.005999000000001,6.7,27.05,62.519,125729177600.0,-11.504175288235293,-3.8555564777777764,0.9112499999999999
AZEV3.SA,Industrials,Azevedo & Travassos S.A.,7.2,,1.9344438,-111.209,,-120.70700000000001,61.177,800820992.0,,-114.91933337041667,
AZEV4.SA,Industrials,Azevedo & Travassos S.A.,1.16,,0.3116604,-111.209,,-120.70700000000001,61.177,129021160.0,,-114.91933337041667,
AZZA3.SA,Consumer Cyclical,Azzas 2154 S.A.,17.15,3.436874,0.43124038,3.9579999999999997,15.95,2.852,49.417,3467316480.0,-9.684547205,-5.963826139130434,2.9831578947368413
B3SA3.SA,Financial Services,"B3 S.A. - Brasil, Bolsa, Balcão",17.9,17.9,4.783538,27.714001999999997,4.26,49.453998,82.574,89153650688.0,3.079850278947367,7.445901969999998,-1.2531578947368427
BBAS3.SA,Financial Services,Banco do Brasil S.A.,22.04,10.251163,0.6914076,10.5459996,0.64,21.834,,125823574016.0,-4.568986721052632,-9.72210043,-4.873157894736843
BBDC3.SA,Financial Services,Banco Bradesco S.A.,15.65,7.146118,0.9125896,13.763,1.33,26.070999999999998,,165720621056.0,-7.674031721052631,-6.5051000299999995,-4.183157894736842
BBDC4.SA,Financial Services,Banco Bradesco S.A.,17.78,8.118722,1.0367951,13.763,1.29,26.070999999999998,,188275572736.0,-6.701427721052632,-6.5051000299999995,-4.223157894736842
BBSE3.SA,Financial Services,BB Seguridade Participações S.A.,38.76,8.194503,6.9090905,85.944,11.96,87.929,,75242790912.0,-6.625646721052632,65.67589997,6.446842105263158
BEEF3.SA,Consumer Defensive,Minerva S.A.,3.92,10.051283,2.4607658,23.22,3.11,0.8009999999999999,1346.483,3887532032.0,-6.4374123,11.486333366666665,-3.98
BHIA3.SA,Consumer Cyclical,Grupo Casas Bahia S.A.,1.07,,-0.1262537,,,-44.417,,1084714752.0,,,
BMGB4.SA,Financial Services,Banco BMG S.A.,6.08,4.6412215,0.77363527,13.986,6.7,30.158,,3906107136.0,-10.178928221052631,-6.282100029999999,1.1868421052631577
BMOB3.SA,Communication Services,Bemobi Mobile Tech S.A.,27.64,14.624338,2.4460175,16.359,7.22,8.491999999999999,4.697,2305940480.0,-2.9332890000000003,8.789000166666668,-0.7920000000000007
BPAC11.SA,Financial Services,Banco BTG Pactual S.A.,62.85,102.36156,3.7659538,24.406,1.49,39.796,,211776847872.0,87.54141027894737,4.137899969999999,-4.023157894736842
BRAP4.SA,Financial Services,Bradespar S.A.,20.24,14.457143,0.9884261,6.950000000000001,16.94,0.0,0.051,7956275200.0,-0.3630067210526313,-13.318100029999998,11.426842105263159
BRAV3.SA,Energy,Brava Energia S.A.,18.23,182.29999,0.6894856,0.44400003,0.69,0.441,154.57,8468620800.0,145.08587338333334,-10.848999831428571,-5.1579999999999995
BRKM5.SA,Basic Materials,Braskem S.A.,3.72,,-0.23556231,,,-7.8469999999999995,,2964722432.0,,,
BRSR6.SA,Financial Services,Banco do Estado do Rio Grande do Sul S.A.,15.26,3.8054862,0.5269155,14.481,5.75,22.384001,,6240950272.0,-11.014663521052633,-5.7871000299999995,0.23684210526315752
CASH3.SA,Communication Services,Méliuz S.A.,5.29,,1.3946744,-20.842,,-20.308999999999997,0.001,551069120.0,,-28.411999833333333,
CBAV3.SA,Basic Materials,Companhia Brasileira de Alumínio,11.22,12.195652,1.4425303,14.575,0.4,6.414000000000001,89.138,7305035776.0,-12.671921661538464,2.1193749937499984,-7.091538461538462
CEAB3.SA,Consumer Cyclical,C&A Modas S.A.,9.51,5.112903,0.7502367,15.493000000000002,9.6,7.016,71.667,2815560448.0,-8.008518204999998,5.571173860869568,-3.3668421052631583
CMIG4.SA,Utilities,Companhia Energética de Minas Gerais - CEMIG,10.96,6.765432,1.0744045,15.943999999999999,12.46,10.5059996,77.948,31353073664.0,-15.216754288235293,2.0824445222222217,6.671250000000001
CMIN3.SA,Basic Materials,CSN Mineração S.A.,4.76,14.875001,3.5025756,28.136,12.38,13.414000000000001,124.233,25568303104.0,-9.992572661538466,15.680374993749998,4.888461538461539
COGN3.SA,Consumer Defensive,Cogna Educação S.A.,2.2,6.111111,0.32060623,4.926,8.99,8.963000000000001,49.599,4409287680.0,-10.377584299999999,-6.8076666333333336,1.9000000000000004
CPFE3.SA,Utilities,CPFL Energia S.A.,44.5,8.541266,2.2571645,27.276,8.5,13.165,154.706,51275325440.0,-13.440920288235294,13.414444522222222,2.7112499999999997
CPLE3.SA,Utilities,Companhia Paranaense de Energia - COPEL,15.75,14.719625,2.0718231,12.764000000000001,6.78,11.405999999999999,97.604,46771363840.0,-7.262561288235293,-1.0975554777777763,0.99125
CSAN3.SA,Energy,Cosan S.A.,3.72,,2.952381,-27.222002,,-22.184,190.818,14674890752.0,,-38.51500186142857,
CSMG3.SA,Utilities,Companhia de Saneamento de Minas Gerais,56.93,16.695015,2.43822,14.97,1.81,14.882000000000001,105.845,21586798592.0,-5.287171288235292,1.1084445222222232,-3.9787500000000002
CSNA3.SA,Basic Materials,Companhia Siderúrgica Nacional,5.4,,0.5885559,-12.293999999999999,,-5.824,356.987,7160907264.0,,-24.74962500625,
CURY3.SA,Real Estate,Cury Construtora e Incorporadora S.A.,28.72,7.8684926,5.3452444,68.527,18.08,17.894,65.557,8847126528.0,-11.999430483333335,44.05669226923077,4.129999999999997
CVCB3.SA,Consumer Cyclical,CVC Brasil Operadora e Agência de Viagens S.A.,1.43,47.666664,2.3064516,-33.345002,,-8.944,167.471,744741952.0,34.545242795,-43.26682813913044,
CXSE3.SA,Financial Services,Caixa Seguridade Participações S.A.,20.11,13.317882,4.373641,33.348998,6.96,75.434995,0.07,60330000384.0,-1.5022677210526307,13.080897970000002,1.4468421052631575
CYRE3.SA,Consumer Cyclical,Cyrela Brazil Realty S.A. Empreendimentos e Participações,27.13,5.8344083,1.0585665,20.593001,14.32,20.621000000000002,72.721,9790479360.0,-7.287012904999999,10.671174860869566,1.3531578947368423
CYRE4.SA,Consumer Cyclical,Cyrela Brazil Realty S.A. Empreendimentos e Participações,25.68,,1.00199,20.593001,,20.621000000000002,72.721,,,10.671174860869566,
DESK3.SA,Communication Services,Desktop S.A.,19.32,40.25,1.5697107,4.651000000000001,0.44,4.399,121.12,2246226944.0,22.692373,-2.9189998333333333,-7.572
DIRR3.SA,Real Estate,Direcional Engenharia S.A.,10.16,6.2331285,2.270391,41.882000000000005,27.22,17.729999,116.157,5272010752.0,-13.634794583333335,17.411692269230777,13.269999999999998
DXCO3.SA,Basic Materials,Dexco S.A.,5.7,,0.74744296,0.73,,-0.426,118.511,5174862336.0,,-11.72562500625,
ECOR3.SA,Industrials,EcoRodovias Infraestrutura e Logística S.A.,8.67,10.974684,1.4660128,12.307,3.49,4.593,664.149,6031036416.0,-6.851769657894739,8.596666629583334,-3.218499999999999
EGIE3.SA,Utilities,Engie Brasil Energia S.A.,29.14,8.47093,2.2171497,28.59,6.03,28.941,205.959,41273356288.0,-13.511256288235295,14.728444522222222,0.24124999999999996
EMBJ3.SA,Industrials,Embraer S.A.,100.46,31.39375,3.9936392,12.189999,1.11,5.2780000000000005,68.91,71510761472.0,13.567296342105262,8.479665629583334,-5.598499999999999
ENEV3.SA,Utilities,Eneva S.A.,27.1,54.2,2.5467532,7.1490005,,5.0300002,119.554,52041940992.0,32.217813711764705,-6.712554977777778,
ENGI11.SA,Utilities,Energisa S.A.,51.88,37.594204,1.0164179,9.408,4.02,4.133,198.765,15889963008.0,15.612017711764704,-4.453555477777778,-1.7687500000000007
EQTL3.SA,Utilities,Equatorial S.A.,39.77,71.01786,1.9103659,5.0029997,6.06,1.752,226.843,49963003904.0,49.0356737117647,-8.858555777777777,0.2712499999999993
EZTC3.SA,Real Estate,EZTEC Empreendimentos e Participações S.A.,13.53,8.2,0.7172012,10.551,2.83,36.948,34.175,3752667648.0,-11.667923083333335,-13.919307730769228,-11.120000000000001
FESA4.SA,Basic Materials,Cia de Ferro Ligas da Bahia S.A. - FERBASA,5.35,13.04878,0.5515464,4.439,21.22,6.782000000000001,11.904,1812941568.0,-11.818793661538464,-8.01662500625,13.728461538461538
FIQE3.SA,Communication Services,Unifique Telecomunicações S.A.,4.99,8.180327,1.5983343,18.125999,16.99,17.165,105.994,1943323904.0,-9.3773,10.555999166666666,8.977999999999998
FLRY3.SA,Healthcare,Fleury S.A.,22.03,18.99138,2.4005666,12.617999999999999,7.51,8.011,98.018,11976086528.0,4.910408285714286,34.623374874999996,2.032857142857143
FRAS3.SA,Consumer Cyclical,Frasle Mobility S.A.,22.33,22.33,2.4573567,12.4060005,2.23,5.391,112.652,6192892928.0,9.208578795,2.484174360869565,-10.736842105263158
GGBR4.SA,Basic Materials,Gerdau S.A.,24.2,21.04348,0.88729197,4.1810002,3.67,3.2169999999999996,28.232,47475613696.0,-3.824093661538466,-8.274624806250001,-3.821538461538462
GGPS3.SA,Industrials,GPS Participações e Empreendimentos S.A.,12.16,9.650794,2.0344653,22.337,4.4,5.0970003,137.766,9148581888.0,-8.17565965789474,18.626666629583333,-2.3084999999999987
GMAT3.SA,Consumer Cyclical,Grupo Mateus S.A.,5.03,6.986111,1.0356188,14.265998999999999,5.14,3.994,55.761,11571450880.0,-6.135310204999999,4.3441728608695644,-7.826842105263158
GOAU4.SA,Basic Materials,Metalurgica Gerdau S.A.,10.82,18.033333,0.74415404,4.168,3.93,1.1419999,28.199,14311483392.0,-6.834240661538466,-8.28762500625,-3.5615384615384618
GRND3.SA,Consumer Cyclical,Grendene S.A.,3.82,5.96875,1.0926774,16.027,34.53,22.705000000000002,3.008,3446251264.0,-7.152671204999999,6.1051738608695665,21.563157894736843
HAPV3.SA,Financial Services,Hapvida Participações e Investimentos S.A.,6.28,,0.062076807,-0.358,,-0.545,32.983,2983552256.0,,-20.62610003,
HYPE3.SA,Healthcare,Hypera S.A.,23.73,8.954717,1.1576174,13.163,4.27,19.823,53.285,16705823744.0,-5.126254714285713,35.168374875,-1.2071428571428573
IGTI11.SA,Real Estate,Iguatemi S.A.,26.14,160.36809,1.5694044,13.514999999999999,2.6,41.908001999999996,89.883,,140.50016691666667,-10.95530773076923,-11.350000000000001
INTB3.SA,Industrials,Intelbras S.A. - Indústria de Telecomunicação Eletrônica Brasileira,14.48,7.912568,1.4346576,18.590999999999998,9.07,13.099,26.334,4738016768.0,-9.913885657894738,14.880666629583331,2.3615000000000013
IRBR3.SA,Financial Services,IRB-Brasil Resseguros S.A.,62.8,21.360544,0.9620098,4.567,2.59,4.8919999999999995,5.38,5097400832.0,6.540394278947369,-15.70110003,-2.9231578947368426
ISAE4.SA,Utilities,ISA Energía Brasil S.A.,26.71,6.2406535,0.7941841,13.186,9.85,26.392,78.848,18848016384.0,-15.741532788235293,-0.6755554777777775,4.061249999999999
ITSA4.SA,Industrials,Itaúsa S.A.,14.16,8.740741,1.6919583,18.924999,0.7,214.289,12.322,158696079360.0,-9.085712657894739,15.214665629583333,-6.008499999999999
ITUB3.SA,Financial Services,Itaú Unibanco Holding S.A.,46.96,11.180953,2.3766384,21.476,0.48,32.584,,517587107840.0,-3.639196721052631,1.2078999699999997,-5.033157894736842
ITUB4.SA,Financial Services,Itaú Unibanco Holding S.A.,42.3,10.071429,2.1407964,21.476,2.14,32.584,,466225168384.0,-4.748720721052631,1.2078999699999997,-3.3731578947368424
JHSF3.SA,Real Estate,JHSF Participações S.A.,11.63,3.7516131,1.0269316,29.331000000000003,7.31,52.592000000000006,86.011,7647659520.0,-16.116309983333334,4.860692269230775,-6.6400000000000015
KEPL3.SA,Industrials,Kepler Weber S.A.,6.55,8.08642,1.422676,18.312,8.26,9.712,42.798,1134837632.0,-9.740033657894738,14.601666629583335,1.5515000000000008
KLBN11.SA,Basic Materials,Klabin S.A.,18.27,27.63994,2.3699572,3.6510002,8.94,0.855,229.751,129827741696.0,2.7723663384615342,-8.80462480625,1.4484615384615376
KLBN4.SA,Basic Materials,Klabin S.A.,3.6,120.0,0.46698663,3.6510002,9.04,0.855,229.751,22034561024.0,95.13242633846153,-8.80462480625,1.5484615384615372
LAVV3.SA,Real Estate,Lavvi Empreendimentos Imobiliários S.A.,10.34,5.589189,1.393531,23.990999,18.98,19.914,85.879,2018206208.0,-14.278734083333333,-0.47930873076922964,5.029999999999999
LEVE3.SA,Consumer Cyclical,MAHLE Metal Leve S.A.,33.85,6.5856028,4.758223,81.636,8.35,13.004999999999999,170.212,4587995136.0,-6.535818404999999,71.71417386086956,-4.616842105263158
LIGT3.SA,Utilities,Light S.A.,3.65,2.4333334,0.14539516,32.412,,15.437999999999999,102.409,5878991872.0,-19.548852888235295,18.55044452222222,
LOGG3.SA,Real Estate,LOG Commercial Properties e Participações S.A.,24.76,5.798595,0.61514,10.479999,27.09,136.743,64.106,2155338496.0,-14.069328083333335,-13.990308730769229,13.139999999999999
LREN3.SA,Consumer Cyclical,Lojas Renner S.A.,11.35,7.5165567,1.0523876,14.456000999999999,8.25,9.354,31.713,10758196224.0,-5.604864504999999,4.534174860869564,-4.716842105263158
LWSA3.SA,Technology,Locaweb Serviços de Internet S.A.,4.02,,0.926908,-7.797,1.08,-13.288,3.154,2272990720.0,,-12.4055,-0.345
MBRF3.SA,Consumer Defensive,MBRF Global Foods Company S.A.,16.85,60.178574,2.046393,0.906,33.5,0.22,539.118,23479103488.0,43.689878699999994,-10.827666633333333,26.41
MDIA3.SA,Consumer Defensive,M. Dias Branco S.A. Indústria e Comércio de Alimentos,16.15,8.411458,0.6386428,7.809000000000001,2.2,6.229,21.094,5419488256.0,-8.0772373,-3.9246666333333327,-4.89
MDNE3.SA,Real Estate,Moura Dubeux Engenharia S.A.,24.88,4.2027025,1.1238086,28.023002,19.72,21.434,47.778,2572950016.0,-15.665220583333333,3.5526942692307735,5.769999999999998
MGLU3.SA,Consumer Cyclical,Magazine Luiza S.A.,6.63,60.272728,0.46054462,0.796,0.39,0.23100001,76.228,5142777344.0,47.151306795,-9.125826139130435,-12.576842105263157
MILS3.SA,Industrials,"Mills Locação, Serviços e Logística S.A.",15.91,8.462766,1.9219618,26.255,7.53,23.526,98.586,3624818688.0,-9.363687657894738,22.544666629583332,0.8215000000000012
MOTV3.SA,Industrials,Motiva Infraestrutura de Mobilidade S.A.,16.6,9.880953,1.8803806,21.971,4.76,19.27,244.76,33364994048.0,-7.945500657894739,18.260666629583334,-1.9484999999999992
MOVI3.SA,Industrials,Movida Participações S.A.,9.34,7.719008,0.9600164,13.204001000000002,10.15,2.8889999,642.732,3959838976.0,-10.10744565789474,9.493667629583335,3.4415000000000013
MRVE3.SA,Real Estate,MRV Engenharia e Participações S.A.,5.38,,0.66142124,-10.0389995,,-4.926,168.529,3028049408.0,,-34.509307230769224,
MULT3.SA,Real Estate,Multiplan Empreendimentos Imobiliários S.A.,30.66,10.95,2.2285216,21.898999999999997,3.75,43.416,75.295,14998927360.0,-8.917923083333335,-2.571307730769231,-10.200000000000001
MYPK3.SA,Consumer Cyclical,Iochpe-Maxion S.A.,9.11,14.934425,0.3331261,4.9039997,9.54,0.604,123.096,1364402560.0,1.8130037950000002,-5.017826439130435,-3.426842105263159
NATU3.SA,Consumer Defensive,Natura Cosméticos S.A.,6.55,,0.7152217,-2.478,,-12.47,53.698,8995330048.0,,-14.211666633333333,
ONCO3.SA,Healthcare,Oncoclínicas do Brasil Serviços Médicos S.A.,1.04,,69.333336,-273.51,,-84.76599999999999,3949.009,1171425664.0,,-251.504625125,
OPCT3.SA,Industrials,OceanPact Serviços Marítimos S.A.,8.59,10.226191,1.6589417,17.19,1.17,6.987,191.674,4076009984.0,-7.6002626578947385,13.479666629583335,-5.538499999999999
ORVR3.SA,Industrials,Orizon Valorização de Resíduos S.A.,16.46,96.823524,0.6302891,2.3599999,,3.3520000000000003,73.932,9041418240.0,78.99707034210527,-1.3503334704166665,
PASS3.SA,Utilities,Compass Gas e Energia S.A.,22.08,13.714286,2.6136363,17.363999999999997,5.63,7.587000000000001,224.035,15053414400.0,-8.267900288235294,3.50244452222222,-0.1587500000000004
PCAR3.SA,Consumer Cyclical,Companhia Brasileira De Distribuicao,3.0,,3.6144578,-129.36399999999998,,-11.6459996,2084.841,1477641472.0,,-139.28582613913042,
PETR3.SA,Energy,Petróleo Brasileiro S.A. - Petrobras,54.06,5.258755,1.4487083,30.274,8.03,24.317,76.067,696764923904.0,-31.955361616666664,18.98100013857143,2.1819999999999995
PETR4.SA,Energy,Petróleo Brasileiro S.A. - Petrobras,49.1,4.7762647,1.3157893,30.274,8.9,24.317,76.067,670877155328.0,-32.437851916666666,18.98100013857143,3.0520000000000005
PGMN3.SA,Healthcare,Empreendimentos Pague Menos S.A.,3.47,6.94,0.73114204,10.585,15.1,2.1,101.786,2494461184.0,-7.140971714285713,32.590374874999995,9.622857142857143
PINE4.SA,Financial Services,Banco Pine S.A.,11.88,4.888889,1.6770186,40.772000000000006,9.22,39.51,,2997290240.0,-9.931260721052631,20.503899970000006,3.706842105263158
PLPL3.SA,Real Estate,Plano & Plano Desenvolvimento Imobiliário S.A.,6.75,4.4407897,1.2257128,31.768,22.44,8.618,119.763,1370585984.0,-15.427133383333334,7.297692269230772,8.49
PNVL3.SA,Healthcare,Dimed S.A. Distribuidora de Medicamentos,12.46,13.692307,1.413179,10.791001,3.9,2.3340001999999997,106.585,1861220352.0,-0.3886647142857136,32.796375874999995,-1.577142857142857
POMO3.SA,Industrials,Marcopolo S.A.,3.88,4.041667,1.1358315,28.32,27.06,13.189,80.724,4816609792.0,-13.784786657894738,24.609666629583334,20.3515
POMO4.SA,Industrials,Marcopolo S.A.,4.13,4.3020835,1.2090164,28.32,25.63,13.189,80.724,5126958080.0,-13.524370157894738,24.609666629583334,18.9215
PRIO3.SA,Energy,Prio S.A.,61.6,12.887029,1.7426728,14.224999999999998,,18.111,90.248,49125289984.0,-24.327087616666667,2.9320001385714267,
PRNR3.SA,Industrials,Priner Serviços Industriais S.A.,18.84,26.535212,2.2452629,12.181000000000001,0.65,2.554,176.223,1074014848.0,8.708758342105263,8.470666629583334,-6.058499999999999
PSSA3.SA,Financial Services,Porto Seguro S.A.,46.98,8.271127,1.8673979,24.169001,4.43,8.126999999999999,6.366,30113818624.0,-6.549022721052632,3.900900970000002,-1.0831578947368428
RADL3.SA,Healthcare,Raia Drogasil S.A.,18.14,21.341175,4.3501196,19.993,2.49,2.8850000000000002,117.862,31718445056.0,7.260203285714287,41.998374874999996,-2.9871428571428567
RAIL3.SA,Industrials,Rumo S.A.,15.96,24.181818,2.046941,8.81,0.69,8.526000400000001,201.104,29619564544.0,6.355364342105261,5.099666629583334,-6.0184999999999995
RAPT4.SA,Industrials,Randoncorp S.A.,4.85,,0.55946475,-1.442,0.88,-2.6500002,211.467,1691135744.0,,-5.152333370416667,-5.828499999999999
RDOR3.SA,Healthcare,Rede D'Or São Luiz S.A.,37.5,17.045454,3.9432175,19.779,1.97,8.3450004,250.501,81473576960.0,2.9644822857142863,41.784374875,-3.507142857142857
RECV3.SA,Energy,Petroreconcavo S.A.,10.83,6.370588,0.71688616,11.251999999999999,6.26,16.733999999999998,72.213,3178411264.0,-30.843528616666667,-0.04099986142857226,0.4119999999999999
RENT3.SA,Industrials,Localiza Rent a Car S.A.,38.53,12.231746,1.5703456,13.011000000000001,5.85,7.3870000000000005,171.495,42560811008.0,-5.594707657894739,9.300666629583334,-0.8584999999999994
RIAA3.SA,Consumer Cyclical,Guararapes Confecções S.A.,7.06,2.3071895,0.6560119,28.023999999999997,48.04,14.353,67.989,3544564992.0,-10.814231705,18.102173860869563,35.07315789473684
SANB11.SA,Financial Services,Banco Santander (Brasil) S.A.,29.57,14.45259,0.86980826,11.151,7.2,28.664,,158893801472.0,-0.3675597210526309,-9.11710003,1.6868421052631577
SANB3.SA,Financial Services,Banco Santander (Brasil) S.A.,14.75,8.333333,0.4338746,11.151,5.7,28.664,,110441029632.0,-6.486816721052632,-9.11710003,0.1868421052631577
SANB4.SA,Financial Services,Banco Santander (Brasil) S.A.,14.65,8.276836,0.43093306,11.151,6.33,28.664,,109692272640.0,-6.543313721052632,-9.11710003,0.8168421052631576
SAPR11.SA,Utilities,Companhia de Saneamento do Paraná - SANEPAR,32.94,40.71693,0.8225335,3.8120000000000003,3.34,6.036,59.898,9955817472.0,18.734743711764704,-10.049555477777776,-2.4487500000000004
SAPR4.SA,Utilities,Companhia de Saneamento do Paraná - SANEPAR,6.54,23.357143,0.16330811,3.8120000000000003,3.43,6.036,59.898,9883283456.0,1.3749567117647068,-10.049555477777776,-2.35875
SAUD3.SA,Healthcare,Bradsaúde S.A.,13.11,11.601769,2.0487576,10.538,3.1,9.865,1.095,38326657024.0,-2.4792027142857123,32.543374875,-2.377142857142857
SBFG3.SA,Consumer Cyclical,Grupo SBF S.A.,7.83,4.35,0.5637961,13.703999999999999,7.06,5.005,99.91,1806099072.0,-8.771421205,3.7821738608695643,-5.906842105263158
SBSP3.SA,Utilities,Companhia de Saneamento Básico do Estado de São Paulo - SABESP,27.06,11.369747,2.1105998,18.792,5.3,19.67,114.009,95159009280.0,-10.612439288235294,4.930444522222224,-0.48875000000000046
SEER3.SA,Consumer Defensive,Ser Educacional S.A.,13.41,6.325472,1.1268908,19.143999,3.13,11.847000000000001,91.701,1717022720.0,-10.163223299999999,7.410332366666667,-3.96
SIMH3.SA,Industrials,SIMPAR S.A.,8.73,,0.87571466,-0.23100001,2.06,-0.404,605.131,5096218624.0,,-3.9413333804166664,-4.6484999999999985
SLCE3.SA,Consumer Defensive,SLC Agrícola S.A.,16.75,27.016129,1.5324794,6.974999599999999,7.66,4.4120003,181.777,8307335168.0,10.5274337,-4.758667033333334,0.5700000000000003
SMFT3.SA,Consumer Cyclical,Smartfit Escola de Ginástica e Dança S.A.,16.76,15.236363,1.6992801,11.691,6.16,8.526000400000001,224.303,10258442240.0,2.114941795000002,1.7691738608695662,-6.806842105263158
SMTO3.SA,Basic Materials,São Martinho S.A.,17.57,7.171428,0.76889414,11.342,1.24,11.4250004,165.268,5671126528.0,-17.696145661538466,-1.1136250062500004,-6.251538461538462
SUZB3.SA,Basic Materials,Suzano S.A.,44.37,6.7637196,1.2516572,17.604999,2.51,17.080000000000002,199.419,54644346880.0,-18.103854061538463,5.1493739937499985,-4.981538461538462
TAEE11.SA,Utilities,Transmissora Aliança de Energia Elétrica S.A.,40.56,39.76471,1.7312618,20.858999,9.64,36.476,136.483,41918763008.0,17.782523711764707,6.997443522222223,3.8512500000000003
TEND3.SA,Real Estate,Construtora Tenda S.A.,27.33,5.7902546,2.176822,40.6,5.12,12.081,78.655,3351841280.0,-14.077668483333333,16.129692269230773,-8.830000000000002
TFCO4.SA,Consumer Cyclical,Track & Field Co S.A.,13.0,13.829787,3.2194154,25.722,2.03,13.096,27.898,1972848128.0,0.7083657950000006,15.800173860869567,-10.936842105263159
TGMA3.SA,Industrials,Tegma Gestão Logística S.A.,36.58,9.5013,2.4262123,25.561002,13.98,10.135999,22.558,2412003840.0,-8.325153657894738,21.850668629583332,7.271500000000001
TIMS3.SA,Communication Services,TIM S.A.,18.53,10.294445,1.8125796,17.254,9.05,15.784999999999998,65.949,44013666304.0,-7.2631820000000005,9.684000166666667,1.0380000000000003
TOTS3.SA,Technology,TOTVS S.A.,34.64,22.789474,3.637891,17.014000000000003,1.77,21.629,92.106,19636193280.0,0.0,12.405500000000002,0.345
TTEN3.SA,Basic Materials,Três Tentos Agroindustrial S/A,10.22,8.308943,1.0228183,12.1350005,3.71,3.2199999999999998,103.287,5109596160.0,-16.558630661538466,-0.3206245062500006,-3.781538461538462
TUPY3.SA,Industrials,Tupy S.A.,16.6,,0.9512349,-28.198,,-8.258000000000001,171.506,2177081088.0,,-31.908333370416667,
UGPA3.SA,Energy,Ultrapar Participações S.A.,38.35,11.692073,2.488482,19.804001,5.36,2.2560000000000002,97.688,40866525184.0,-25.522043616666664,8.511001138571428,-0.48799999999999955
UNIP6.SA,Basic Materials,Unipar Carbocloro S.A.,56.2,24.977777,3.3498242,10.7650004,17.96,5.093,184.54,6276391936.0,0.11020333846153463,-1.690624606250001,10.46846153846154
USIM5.SA,Basic Materials,Usinas Siderúrgicas de Minas Gerais S.A.,6.95,,0.41226718,-8.073,,-9.363000000000001,27.334,8555051520.0,,-20.528625006250003,
VALE3.SA,Basic Materials,Vale S.A.,69.61,26.773079,1.5065795,4.1149996,8.8,4.755,54.603,296243658752.0,1.9055053384615341,-8.340625406250002,1.3084615384615388
VAMO3.SA,Industrials,"Vamos Locação de Caminhões, Máquinas e Equipamentos S.A.",4.0,14.285714,1.6373311,10.700999999999999,3.64,5.0970003,483.858,4886962176.0,-3.540739657894738,6.990666629583332,-3.068499999999999
VBBR3.SA,Consumer Cyclical,Vibra Energia S.A.,37.96,8.931765,1.929646,22.621,5.2,2.479,92.73,45408243712.0,-4.189656204999999,12.699173860869564,-7.766842105263158
VIVA3.SA,Consumer Cyclical,Vivara Participações S.A.,23.05,9.257028,1.702112,19.703,6.1,18.556,39.643,5419863040.0,-3.864393204999999,9.781173860869565,-6.866842105263158
VIVT3.SA,Communication Services,Telefônica Brasil S.A.,29.6,14.439025,1.441301,9.872,6.36,10.682,30.209,94589943808.0,-3.118601999999999,2.302000166666666,-1.6520000000000001
VTRU3.SA,Consumer Defensive,Vitru Educação S.A.,15.01,2.0561643,0.53892004,32.387,0.17,46.562,55.839,2241134848.0,-14.432531,20.653333366666665,-6.92
VULC3.SA,Consumer Cyclical,Vulcabras S.A.,13.44,4.4210525,1.6846327,37.129003,58.21,24.891001,36.562,4221677568.0,-8.700368704999999,27.207176860869563,45.24315789473684
WEGE3.SA,Industrials,WEG S.A.,50.29,33.75168,12.115153,30.791,3.09,15.584000000000001,28.897,211008274432.0,15.925226342105262,27.080666629583334,-3.618499999999999
YDUQ3.SA,Consumer Defensive,Yduqs Participações S.A.,10.41,24.785715,0.90821844,3.7510000000000003,10.5,2.043,171.535,2648881152.0,8.2970197,-7.982666633333333,3.41
